business_id,brand_id,brand_name,name,address,city,state,postal_code,latitude,longitude,stars,review_count,is_open,source
48e8cb58c36d299d,avis,Avis,Avis Car Rental,"5900 Messer Airport Hwy, Birmingham, AL 35212, USA",Birmingham,AL,35212,33.5611558,-86.7509317,3.4,818,1,google
10e41b8013259c8b,avis,Avis,Avis Car Rental,"3439 Colonnade Pkwy, Birmingham, AL 35243, USA",Birmingham,AL,35243,33.4374962,-86.7289244,2.8,177,1,google
07451afc5f0c2161,avis,Avis,Avis Car Rental,"2900 Eastern Blvd, Montgomery, AL 36116, USA",Montgomery,AL,36116,32.3414442,-86.2263108,3.8,118,1,google
888b1a08dbf0c8c3,avis,Avis,Avis Car Rental,"4445 Selma Hwy, Montgomery, AL 36108, USA",Montgomery,AL,36108,32.3047984,-86.3907545,2.5,70,1,google
34610cdebc1e41ba,avis,Avis,Avis Car Rental,"1000 Glenn Hearn Blvd SW Ste 109B, Huntsville, AL 35824, USA",Huntsville,AL,35824,34.6482049,-86.774574,3.3,512,1,google
09f2cc1eaf817671,avis,Avis,Avis Car Rental,"3154 University Dr NW, Huntsville, AL 35816, USA",Huntsville,AL,35816,34.7356186,-86.61881509999999,3.9,175,1,google
9ee0fd80026042ce,avis,Avis,Avis Car Rental,"800 Airport Dr, Dothan, AL 36303, USA",Dothan,AL,36303,31.3148735,-85.4485158,3.6,106,1,google
0c4a06097ddfc4a2,avis,Avis,Avis Car Rental,"7601 Robert Cardinal Airport Rd Ste 100, Tuscaloosa, AL 35401, USA",Tuscaloosa,AL,35401,33.222686,-87.610635,4.1,107,1,google
1a4b2a3756115ff7,avis,Avis,Avis Car Rental,"1100 S Quintard Ave, Anniston, AL 36201, USA",Anniston,AL,36201,33.6339916,-85.8261541,3.1,137,1,google
ae6e9db91a02211a,avis,Avis,Avis Car Rental,"8400 Airport Blvd, Mobile, AL 36608, USA",Mobile,AL,36608,30.6813282,-88.2441408,2.7,95,1,google
7a4aa5972ea28476,avis,Avis,Avis Car Rental,"1702 E Main St, Prattville, AL 36066, USA",Prattville,AL,36066,32.4591616,-86.4252751,3.4,38,1,google
3208e35b0d43a7cd,avis,Avis,Alaskan car rental,"719 E 11th Ave, Anchorage, AK 99501, USA",Anchorage,AK,99501,61.2119184,-149.8700113,4.9,524,1,google
daa366b3ee745df8,avis,Avis,Alaska Auto Rental,"2375 University Ave S, Fairbanks, AK 99709, USA",Fairbanks,AK,99709,64.8259553,-147.8114701,4.5,220,1,google
6561e2104c0b1d25,avis,Avis,Anchorage Car Rental,"927 W Fireweed Ln, Anchorage, AK 99503, USA",Anchorage,AK,99503,61.19911759999999,-149.9004439,5,33,1,google
b4abccb60ca82794,avis,Avis,Alaska 4x4 Rentals,"8101 Dimond Hook Dr, Anchorage, AK 99507, USA",Anchorage,AK,99507,61.1471756,-149.8447639,4.5,416,1,google
18eb8023371f32c2,avis,Avis,Alaskan Car Rental,"1608 Alameda St Unit A, Seward, AK 99664, USA",Seward,AK,99664,60.1227078,-149.4326489,4.9,52,1,google
82e6336d906969f7,avis,Avis,Alaska Auto Rental,"5000 Spenard Rd, Anchorage, AK 99517, USA",Anchorage,AK,99517,61.17507670000001,-149.9452053,4.4,34,1,google
18c0e240c5f065d7,avis,Avis,Budget Car Rental,"5000 W International Airport Rd, Anchorage, AK 99502, USA",Anchorage,AK,99502,61.17509500000001,-149.98123,4,605,1,google
70eb64d8b0c3466a,avis,Avis,Avis Car Rental,"5000 W International Airport Rd, Anchorage, AK 99502, USA",Anchorage,AK,99502,61.17344139999999,-149.9809463,4.3,1999,1,google
c5c33d40a49314c6,avis,Avis,Midnight Sun Car & Van Rental,"4211 Spenard Rd, Anchorage, AK 99517, USA",Anchorage,AK,99517,61.18194260000001,-149.9308321,4.7,430,1,google
d89c4ab82de3c5f5,avis,Avis,Enterprise Rent-A-Car,"4940 W International Airport Rd, Anchorage, AK 99502, USA",Anchorage,AK,99502,61.1750285,-149.981104,4.3,972,1,google
5bd1eb56d3a65f7e,avis,Avis,Enterprise Rent-A-Car,"906 E 5th Ave, Anchorage, AK 99501, USA",Anchorage,AK,99501,61.21720999999999,-149.8660679,4.3,497,1,google
991748edabffb378,avis,Avis,Alaska Express Car Rental,"4227 Spenard Rd, Anchorage, AK 99517, USA",Anchorage,AK,99517,61.1818174,-149.932042,4.5,105,1,google
ff70dd137dec3de8,avis,Avis,Enterprise Rent-A-Car,"6211 Old Seward Hwy, Anchorage, AK 99518, USA",Anchorage,AK,99518,61.1645684,-149.8651293,4.4,376,1,google
28cec66393d9b143,avis,Avis,Alaska Auto Rental,"1850 Hoselton Rd, Fairbanks, AK 99709, USA",Fairbanks,AK,99709,64.831707,-147.8474073,4.6,56,1,google
8eb9a4a95e8d34d7,avis,Avis,Alaska Adventure Car and Camper Van Rental of Anchorage,"3710 Spenard Rd, Anchorage, AK 99503, USA",Anchorage,AK,99503,61.1875258,-149.9119441,4.5,97,1,google
f824915306b1a129,avis,Avis,Alaska 4x4 Rentals,"6450 Airport Way, Fairbanks, AK 99709, USA",Fairbanks,AK,99709,64.8176545,-147.8679336,4,149,1,google
440270dacf9c3dce,avis,Avis,Thrifty Car Rental - Anchorage International Airport,"4940 W International Airport Rd, Anchorage, AK 99502, USA",Anchorage,AK,99502,61.1748893,-149.9809325,2.8,207,1,google
f5128b67a1fc0159,avis,Avis,Enterprise Rent-A-Car,"3225 S Cushman St, Fairbanks, AK 99701, USA",Fairbanks,AK,99701,64.8174405,-147.7093246,4.1,220,1,google
cf93383c48076090,avis,Avis,A-1 Car Rental,"3703 Spenard Rd, Anchorage, AK 99503, USA",Anchorage,AK,99503,61.1869617,-149.9104375,3.8,134,1,google
5bb9f2fff9448271,avis,Avis,Alaska Car Rental,"2828 Tongass Ave, Ketchikan, AK 99901, USA",Ketchikan,AK,99901,55.35165869999999,-131.6812786,4.3,60,1,google
cff437e4c92cd937,avis,Avis,Enterprise Rent-A-Car,"1805 E Sky Harbor Cir S, Phoenix, AZ 85034, USA",Phoenix,AZ,85034,33.4326638,-112.0439433,4.5,13217,1,google
52f828c39790dd30,avis,Avis,National Car Rental,"1805 E Sky Harbor Cir S, Phoenix, AZ 85034, USA",Phoenix,AZ,85034,33.4326472,-112.04397,4.6,9182,1,google
16999735f5621950,avis,Avis,Phoenix Airport Rental Car Center,"1805 E Sky Harbor Cir S, Phoenix, AZ 85034, USA",Phoenix,AZ,85034,33.4304204,-112.0448425,4,19007,1,google
46c7f35af1a802c3,avis,Avis,Alamo Rent A Car,"1805 E Sky Harbor Cir S, Phoenix, AZ 85034, USA",Phoenix,AZ,85034,33.4327277,-112.0437768,4.6,8230,1,google
24f78c7f831617c7,avis,Avis,Avis Car Rental,"1805 E Sky Harbor Cir S, Phoenix, AZ 85034, USA",Phoenix,AZ,85034,33.4307508,-112.0455626,4.2,12321,1,google
062e59a2b06e6b66,avis,Avis,NÜ Car Rentals,"2327 E Van Buren St, Phoenix, AZ 85006, USA",Phoenix,AZ,85006,33.4511078,-112.0314753,2.7,3974,1,google
c5c37b81d0ace8e0,avis,Avis,SIXT Car Rental - Phoenix Sky Harbor International Airport (PHX),"Rental Car Center, 1805 E Sky Harbor Cir S, Phoenix, AZ 85034, USA",Phoenix,AZ,85034,33.430313,-112.0450787,4.2,7262,1,google
4406b31c1a0ceb4a,avis,Avis,Last Resort Car Rental,"1580 E Pima St, Phoenix, AZ 85034, USA",Phoenix,AZ,85034,33.4335403,-112.0481758,4.8,519,1,google
fce34a32987d5d50,avis,Avis,Scottsdale Exotic Car Rentals,"3207 E Colter St, Phoenix, AZ 85018, USA",Phoenix,AZ,85018,33.5138419,-112.0123788,4.9,66,1,google
fcf72a8b54d8e392,avis,Avis,Hertz Car Rental - Phoenix - Phoenix Sky Harbor International Airport (PHX),"1805 E Sky Harbor Cir S, Phoenix, AZ 85034, USA",Phoenix,AZ,85034,33.430361,-112.0453919,3.2,3283,1,google
d1b53711b3182574,avis,Avis,Enterprise Rent-A-Car,"4931 E McDowell Rd, Phoenix, AZ 85008, USA",Phoenix,AZ,85008,33.4652547,-111.9751053,4.3,493,1,google
a2785fac0d78ba84,avis,Avis,Enterprise Rent-A-Car,"1225 S 7th St, Phoenix, AZ 85034, USA",Phoenix,AZ,85034,33.435602,-112.0647747,4.2,856,1,google
6e0891c13fbcd9a1,avis,Avis,Budget Car Rental,"1805 E Sky Harbor Cir S, Phoenix, AZ 85034, USA",Phoenix,AZ,85034,33.4298623,-112.0444613,2.5,6460,1,google
5b6baafed3a91200,avis,Avis,Phoenix Discount Car Rental,"2934 E McDowell Rd, Phoenix, AZ 85008, USA",Phoenix,AZ,85008,33.4665322,-112.017619,2.1,1133,1,google
00cdbbc3b8cdc4be,avis,Avis,Enterprise Rent-A-Car,"10233 N 19th Ave, Phoenix, AZ 85021, USA",Phoenix,AZ,85021,33.579462,-112.0987529,4.3,473,1,google
e64d4585fb043a70,avis,Avis,Alamo Rent A Car,"6033 S Sossaman Rd, Mesa, AZ 85212, USA",Mesa,AZ,85212,33.307006,-111.6688908,4.3,694,1,google
e162a8b2ddb7cea5,avis,Avis,Thrifty Car Rental - Phoenix - Sky Harbor International Airport,"1805 E Sky Harbor Cir S, Phoenix, AZ 85034, USA",Phoenix,AZ,85034,33.4299393,-112.0447125,2.1,1770,1,google
7b425df499d63d21,avis,Avis,SIXT Rent a Car Phoenix Arizona Center,"496 N 5th St, Phoenix, AZ 85004, USA",Phoenix,AZ,85004,33.4535118,-112.0676285,4.8,22,1,google
1f46ff0e958c3304,avis,Avis,Enterprise Rent-A-Car,"4635 N 7th St, Phoenix, AZ 85014, USA",Phoenix,AZ,85014,33.5045448,-112.0643693,4.1,1239,1,google
59812d96ae3bd773,avis,Avis,Budget Car Rental,"2640 E Indian School Rd, Phoenix, AZ 85016, USA",Phoenix,AZ,85016,33.4955522,-112.0240931,4,249,1,google
736e6d90b26e2439,avis,Avis,Avis Car Rental,"1 Airport Rd, Little Rock, AR 72202, USA",Little Rock,AR,72202,34.727688,-92.22079409999999,3.1,494,1,google
50de836ffa5badb9,avis,Avis,Alamo Rent A Car,"1 Airport Rd, Little Rock, AR 72202, USA",Little Rock,AR,72202,34.72657239999999,-92.22138509999999,4.2,329,1,google
61df5eaecf7778c3,avis,Avis,National Car Rental,"1 Airport Rd, Little Rock, AR 72202, USA",Little Rock,AR,72202,34.7276376,-92.22108899999999,4.2,542,1,google
b58d7314529473e1,avis,Avis,Reliable Rides LLC,"3230 Quail Ln, Benton, AR 72019, USA",Benton,AR,72019,34.6155928,-92.55085419999999,4.9,45,1,google
a82977817ca0824f,avis,Avis,Hertz Car Rental - Little Rock - Reservoir Hle,"800 Reservoir Rd, Little Rock, AR 72227, USA",Little Rock,AR,72227,34.7592649,-92.37686529999999,3.8,185,1,google
ad1c0e963784fd40,avis,Avis,Hertz Car Rental - Bentonville - Northwest Arkansas Regional Airport,"1 Airport Blvd #106, Bentonville, AR 72712, USA",Bentonville,AR,72712,36.2755205,-94.29733639999999,3,90,1,google
1985e4049d5cab97,avis,Avis,Lakeview Car Rentals,"694 US-62, Salem, AR 72576, USA",Salem,AR,72576,36.3734919,-91.8390988,5,5,1,google
0c73901c14a0f2f0,avis,Avis,Hertz Car Rental,"1 Airport Rd, Little Rock, AR 72202, USA",Little Rock,AR,72202,34.727795,-92.2215726,3.6,139,1,google
90c1c4c4cfab62b7,avis,Avis,Hertz Car Rental - Conway - North Creek Hle,"808 N Creek Dr, Conway, AR 72032, USA",Conway,AR,72032,35.096872,-92.42461829999999,4,175,1,google
12e6b68bb6fa7790,avis,Avis,24/7 Rent-A-Ride,"111 S Arkansas Ave, Russellville, AR 72801, USA",Russellville,AR,72801,35.2777179,-93.1335869,4.9,92,1,google
f4c34b7ae30b98f7,avis,Avis,Lakeview Car Rentals,"803 Sanford Ln, Mountain Home, AR 72653, USA",Mountain Home,AR,72653,36.34686980000001,-92.374704,4.7,76,1,google
e5c676e792246a15,avis,Avis,U-Save Car & Truck Rental,"4240 Central Ave, Hot Springs, AR 71913, USA",Hot Springs,AR,71913,34.4530773,-93.07046559999999,4.8,56,1,google
0c3fe2effd70f42a,avis,Avis,U-Save Car & Truck Rental - Jonesboro,"3407 Stadium Blvd, Jonesboro, AR 72401, USA",Jonesboro,AR,72401,35.799055,-90.67038,4.6,161,1,google
6020707f00f7d781,avis,Avis,Hertz Car Rental - Fort Smith - 28th Street Hle,"6709 S 28th St, Fort Smith, AR 72908, USA",Fort Smith,AR,72908,35.3172614,-94.4043167,3.9,138,1,google
0d6ba555f54aa31e,avis,Avis,Budget Car Rental,"4201 N Shiloh Dr, Fayetteville, AR 72703, USA",Fayetteville,AR,72703,36.1279179,-94.14995390000001,3.6,82,1,google
3a85ce8472d0b62e,avis,Avis,Budget Car Rental,"815 SW 8th St, Bentonville, AR 72712, USA",Bentonville,AR,72712,36.3640147,-94.2215011,3.9,207,1,google
71c717e65c7196a2,avis,Avis,Budget Car Rental,"1 Airport Rd, Little Rock, AR 72202, USA",Little Rock,AR,72202,34.7281907,-92.22079409999999,3,519,1,google
e31c3f4cbdb6c279,avis,Avis,Enterprise Rent-A-Car,"1 Airport Rd, Little Rock, AR 72202, USA",Little Rock,AR,72202,34.7265586,-92.2213809,3.9,1100,1,google
08ab3534ec436c8e,avis,Avis,Hertz Car Rental - Jonesboro - Grant Hle,"1903 Grant Ave # A, Jonesboro, AR 72401, USA",Jonesboro,AR,72401,35.8178235,-90.6822091,3.7,183,1,google
5ff250ccc2bcaf86,avis,Avis,Budget Car Rental,"1 Airport Blvd, Bentonville, AR 72712, USA",Bentonville,AR,72712,36.2755734,-94.29719349999999,3.5,202,1,google
14fcb13cd4d9b162,avis,Avis,Enterprise Rent-A-Car - LAX Airport,"5251 W 98th St, Los Angeles, CA 90045, USA",Los Angeles,CA,90045,33.9499917,-118.3735614,4.4,15114,1,google
53e525d939f60015,avis,Avis,Enterprise Rent-A-Car,"14 California Ave, Pleasanton, CA 94566, USA",Pleasanton,CA,94566,37.6680686,-121.8605391,4.4,233,1,google
385b3f8178c67f51,avis,Avis,California Rent A Car - Studio Division,"5890 Adams Blvd, Culver City, CA 90232, USA",Culver City,CA,90232,34.03252,-118.373004,4.8,27,1,google
5127c37c98d394b0,avis,Avis,Enterprise Rent-A-Car,"780 N McDonnell Rd, San Francisco, CA 94128, USA",San Francisco,CA,94128,37.6283309,-122.4003502,4.5,6600,1,google
5807b25226b40134,avis,Avis,Enterprise Rent-A-Car,"1944 S Figueroa St, Los Angeles, CA 90007, USA",Los Angeles,CA,90007,34.0331323,-118.2725604,4.1,1230,1,google
104b80c1afe61750,avis,Avis,Fox Rent A Car Los Angeles,"5251 W 98th St Suite 562, Los Angeles, CA 90045, USA",Los Angeles,CA,90045,33.9504906,-118.3734271,2.8,8869,1,google
5f83f4db7640eb86,avis,Avis,California Rent-A-Car,"11725 CA-2, Los Angeles, CA 90025, USA",Los Angeles,CA,90025,34.0437477,-118.4570305,4.1,43,1,google
d2ead0ee550253ea,avis,Avis,Hertz Car Rental - Los Angeles - Los Angeles International Airport (LAX),"5251 W 98th St, Los Angeles, CA 90045, USA",Los Angeles,CA,90045,33.9502651,-118.3739056,3.6,13646,1,google
5ee86c7f642817a5,avis,Avis,Enterprise Rent-A-Car,"445 S Figueroa St, Los Angeles, CA 90071, USA",Los Angeles,CA,90071,34.0534355,-118.2568168,4.1,561,1,google
0a5efeffe11632c7,avis,Avis,Alamo Rent A Car,"1659 Airport Blvd #5, San Jose, CA 95110, USA",San Jose,CA,95110,37.3645388,-121.922427,4.3,1241,1,google
6ec58ae561a92ffd,avis,Avis,Avis Car Rental,"1599 W 16th St, Merced, CA 95340, USA",Merced,CA,95340,37.3069269,-120.5005797,3.3,134,1,google
81352273bf780886,avis,Avis,Avis Car Rental,"975 Airport Dr, San Luis Obispo, CA 93401, USA",San Luis Obispo,CA,93401,35.2391633,-120.6376266,4.1,290,1,google
023f192e31caebbe,avis,Avis,Enterprise Rent-A-Car,"1510 S Brand Blvd, Glendale, CA 91204, USA",Glendale,CA,91204,34.12704610000001,-118.2546379,4.2,859,1,google
da8e30bb60e3f817,avis,Avis,Budget Car Rental,"4100 Donald Douglas Dr, Long Beach, CA 90808, USA",Long Beach,CA,90808,33.818283,-118.14406,3.3,742,1,google
e082c29c53ce5513,avis,Avis,Budget Car Rental,"780 N McDonnell Rd, San Francisco, CA 94128, USA",San Francisco,CA,94128,37.628227,-122.40108,2.9,3414,1,google
ff354c0051a8c205,avis,Avis,Enterprise Rent-A-Car,"1619 N Gower St, Hollywood, CA 90028, USA",Los Angeles,CA,90028,34.1004012,-118.322574,4.2,597,1,google
9e1c778af02d3686,avis,Avis,Hertz Car Rental - Modesto - Motor City Court,"300 Motor City Ct, Modesto, CA 95356, USA",Modesto,CA,95356,37.7013085,-120.9957233,3.3,311,1,google
c17b94e492e94813,avis,Avis,Avis Car Rental,"249 E Ocean Blvd, Long Beach, CA 90802, USA",Long Beach,CA,90802,33.767263,-118.190195,3.7,357,1,google
60cce6bdacd497b6,avis,Avis,Enterprise Rent-A-Car,"2111 Golden Hill Rd, Paso Robles, CA 93446, USA",Paso Robles,CA,93446,35.6404773,-120.6586374,4.2,466,1,google
4b6087a079050f73,avis,Avis,Avis Car Rental,"5175 E Clinton Way, Fresno, CA 93727, USA",Fresno,CA,93727,36.7700118,-119.7198902,4,711,1,google
d470ac4daee00c21,avis,Avis,Enterprise Rent-A-Car - Denver International Airport (DEN),"23842 E 78th Ave, Denver, CO 80249, USA",Denver,CO,80249,39.8377005,-104.7084419,4.5,16864,1,google
5c75662132876cd1,avis,Avis,NÜ Car Rentals,"18121 E 81st Ave, Denver, CO 80022, USA",Denver,CO,80022,39.8444098,-104.7765019,2.6,3886,1,google
c3394b7360964bc1,avis,Avis,National Car Rental - Denver International Airport (DEN),"24530 E 78th Ave, Denver, CO 80249, USA",Denver,CO,80249,39.8366692,-104.7013489,4.5,9517,1,google
f08f57a094592c70,avis,Avis,Routes Car Rental,"17411 E 81st Ave, Commerce City, CO 80022, USA",Commerce City,CO,80022,39.8449018,-104.7847697,3.7,7640,1,google
0b35fd50532ab601,avis,Avis,Budget Car Rental,"1415 S 8th St, Colorado Springs, CO 80905, USA",Colorado Springs,CO,80905,38.8132077,-104.840514,4.3,151,1,google
9918ee8068759718,avis,Avis,Mile High Car Rental of Downtown Denver,"650 15th St, Denver, CO 80202, USA",Denver,CO,80202,39.7434048,-104.9935249,4.8,219,1,google
95954777c72b0bcc,avis,Avis,Mile High SUV & Passenger Van Rental Denver,"By Appointment Only, 3001 S Jamaica Ct Ste 103, Aurora, CO 80014, USA",Aurora,CO,80014,39.6615118,-104.8628658,5,92,1,google
d49639473424ed3b,avis,Avis,Budget Car Rental,"24050 E 78th Ave, Denver, CO 80249, USA",Denver,CO,80249,39.8358452,-104.7052547,2.8,11916,1,google
1f79a3ca137d740e,avis,Avis,SIXT Car Rental - Denver International Airport (DEN),"23410 E 78th Ave, Denver, CO 80249, USA",Denver,CO,80249,39.8370606,-104.714379,4.2,7201,1,google
ffba2e19b279162b,avis,Avis,Budget Car Rental,"10705 W Colfax Ave, Lakewood, CO 80215, USA",Lakewood,CO,80215,39.7427791,-105.1180124,4.3,448,1,google
def456a7634aff06,avis,Avis,Enterprise Rent-A-Car,"7770 Milton E Proby Pkwy, Colorado Springs, CO 80916, USA",Colorado Springs,CO,80916,38.7972838,-104.7013154,4.2,835,1,google
864f5c00ec1d0c50,avis,Avis,Denver Auto Rentals,"14901 E Hampden Ave Ste 301, Aurora, CO 80014, USA",Aurora,CO,80014,39.6537427,-104.8140807,4.5,37,1,google
d0effb7e15e58330,avis,Avis,Summit Rental Car - Breckenridge,"305 S Ridge St Unit 7906, Breckenridge, CO 80424, USA",Breckenridge,CO,80424,39.4793753,-106.0446593,5,125,1,google
1463eb33ac166991,avis,Avis,Budget Car Rental,"384 Garden of the Gods Rd, Colorado Springs, CO 80907, USA",Colorado Springs,CO,80907,38.8973093,-104.8216944,4,222,1,google
881638ad1ea5feb8,avis,Avis,SIXT Rent a Car Denver Union Station,"1660 17th St Ste 110, Denver, CO 80202, USA",Denver,CO,80202,39.7524917,-104.9997758,3.9,794,1,google
300f8dad3711f074,avis,Avis,Hertz Car Rental,"24890 E 78th Ave, Denver, CO 80249, USA",Denver,CO,80249,39.8368069,-104.6983169,3.3,6616,1,google
25de2797701ab99e,avis,Avis,Alamo Rent A Car - Denver International Airport (DEN),"24530 E 78th Ave, Denver, CO 80249, USA",Denver,CO,80249,39.83678039999999,-104.7011195,4.6,9472,1,google
32053c3671b5dc7a,avis,Avis,Budget Car Rental,"1980 Broadway, Denver, CO 80202, USA",Denver,CO,80202,39.7479706,-104.9871467,3.9,530,1,google
4889012e926d31c7,avis,Avis,Enterprise Rent-A-Car,"2255 N Broadway, Denver, CO 80205, USA",Denver,CO,80205,39.7536665,-104.987847,4,1189,1,google
6da97a5a84e69666,avis,Avis,Denver Exotic Rental Cars,"5770 McIntyre St, Golden, CO 80403, USA",Golden,CO,80403,39.8018013,-105.174153,4.6,105,1,google
30953c5bfd3c7984,avis,Avis,Avis Car Rental,"170 Olive St, New Haven, CT 06511, USA",New Haven,CT,06511,41.30804029999999,-72.9193403,2.7,132,1,google
7225fc1a2a50ac3b,avis,Avis,Avis Car Rental,"180 Schoephoester Rd, Windsor Locks, CT 06096, USA",Windsor Locks,CT,06096,41.9298622,-72.688656,3.4,1281,1,google
994b437d63f06501,avis,Avis,Avis Car Rental,"50 Union Ave, New Haven, CT 06519, USA",New Haven,CT,06519,41.2973604,-72.9267668,3.6,243,1,google
6769112a08cf172b,avis,Avis,Avis Car Rental,"99 Beardsley Ave, Stratford, CT 06615, USA",Stratford,CT,06615,41.1881698,-73.13433239999999,2.8,212,1,google
b8941e135a080b6c,avis,Avis,Avis Car Rental,"274 Leibert Rd, Hartford, CT 06120, USA",Hartford,CT,06120,41.7905554,-72.6544854,2.2,280,1,google
665016dc1abda980,avis,Avis,Avis Car Rental,"131 John St, Bridgeport, CT 06604, USA",Bridgeport,CT,06604,41.1774809,-73.1895412,4.4,8,1,google
3df6c580b578bbfb,avis,Avis,Avis Car Rental,"28 Day Hill Rd, Windsor, CT 06095, USA",Windsor,CT,06095,41.8739941,-72.6687519,4.7,15,1,google
41fe0a600bd98b0f,avis,Avis,Avis Car Rental,"155 Burr St, New Haven, CT 06512, USA",New Haven,CT,06512,41.2692916,-72.89086499999999,2.8,156,1,google
d1c47fb967e7703b,avis,Avis,Avis Car Rental,"2594 Berlin Tpke, Newington, CT 06111, USA",Newington,CT,06111,41.67991809999999,-72.7114217,2,300,1,google
57b7aa3954b7f610,avis,Avis,Avis Car Rental,"1206 Queen St, Southington, CT 06489, USA",Southington,CT,06489,41.6494085,-72.8716693,4.8,45,1,google
24b972faee4f1a41,avis,Avis,Avis Car Rental,"58 Mill Plain Rd, Danbury, CT 06811, USA",Danbury,CT,06811,41.38988,-73.502655,3.7,202,1,google
cf2a0459ba086445,avis,Avis,Avis Car Rental,"155 Thomaston Ave, Waterbury, CT 06702, USA",Waterbury,CT,06702,41.5602544,-73.0555509,4.7,38,1,google
fbf14e91402a0451,avis,Avis,Avis Car Rental,"1 Ferry Ln, Westport, CT 06880, USA",Westport,CT,06880,41.1188837,-73.3703293,4.2,38,1,google
3964f23640ea6792,avis,Avis,Avis Car Rental,"1 Station Pl, Stamford, CT 06902, USA",Stamford,CT,06902,41.0461669,-73.54196019999999,3.7,199,1,google
8b24c9c7925233dc,avis,Avis,Avis Car Rental,"155 Tower Ave, Groton, CT 06340, USA",Groton,CT,06340,41.331504,-72.04666809999999,3,107,1,google
42c33a93064b70e5,avis,Avis,Avis Car Rental,"55 Kane St, West Hartford, CT 06119, USA",West Hartford,CT,06119,41.7512205,-72.7176398,4.6,54,1,google
aead24bf564f9f4c,avis,Avis,Avis Car Rental,"222 Post Rd, Fairfield, CT 06824, USA",Fairfield,CT,06824,41.1518806,-73.2403727,3.2,127,1,google
9e1e3499c71b1514,avis,Avis,Avis Car Rental,"146 Brickyard Rd, Farmington, CT 06032, USA",Farmington,CT,06032,41.7500526,-72.8562841,4.1,14,1,google
1e5b4db480fd3b3f,avis,Avis,Enterprise Rent-A-Car,"635 S Bay Rd, Dover, DE 19901, USA",Dover,DE,19901,39.1527771,-75.50507329999999,4.2,957,1,google
a071f1fade7de3a9,avis,Avis,Enterprise Rent-A-Car,"190 S Dupont Hwy, New Castle, DE 19720, USA",New Castle,DE,19720,39.6565946,-75.613075,4.1,757,1,google
d0837671d2dd56cf,avis,Avis,Enterprise Rent-A-Car,"18767 Coastal Hwy Unit 1, Rehoboth Beach, DE 19971, USA",Rehoboth Beach,DE,19971,38.7340959,-75.1365211,4.4,375,1,google
c500f96ddb47108d,avis,Avis,Avis Car Rental,"100 French St, Wilmington, DE 19801, USA",Wilmington,DE,19801,39.7370248,-75.55078030000001,3.5,126,1,google
35e9ce0dd9899781,avis,Avis,Avis Car Rental,"151 N Dupont Hwy, New Castle, DE 19720, USA",New Castle,DE,19720,39.67505999999999,-75.59781,4.4,330,1,google
e6e7ecae3f2698e5,avis,Avis,Enterprise Rent-A-Car,"753 N Broad St, Middletown, DE 19709, USA",Middletown,DE,19709,39.4582789,-75.7190478,4.3,354,1,google
d64640301e47175b,avis,Avis,Avis Car Rental,"915 S Chapel St, Newark, DE 19713, USA",Newark,DE,19713,39.6570753,-75.7365585,3.5,95,1,google
c26e162fbd176b7a,avis,Avis,Budget Car Rental,"100 French St, Wilmington, DE 19801, USA",Wilmington,DE,19801,39.737022,-75.55075,3.7,128,1,google
8d2a09f27aea15c0,avis,Avis,Enterprise Rent-A-Car,"1809 Pulaski Hwy, Bear, DE 19701, USA",Bear,DE,19701,39.611473,-75.7055106,4.3,395,1,google
c17d62f5de78c13b,avis,Avis,Enterprise Rent-A-Car,"100 Philadelphia Pike, Wilmington, DE 19809, USA",Wilmington,DE,19809,39.7634656,-75.5155644,4.3,422,1,google
3a140e0ccb7007fd,avis,Avis,Budget Car Rental,"151 N Dupont Hwy, New Castle, DE 19720, USA",New Castle,DE,19720,39.65978700000001,-75.610978,3.9,127,1,google
694271f172fc7788,avis,Avis,Enterprise Rent-A-Car,"2415 Lancaster Ave, Wilmington, DE 19805, USA",Wilmington,DE,19805,39.7491955,-75.57989979999999,4.3,337,1,google
696d417c49eff6bc,avis,Avis,Avis Car Rental,"3024 N Dupont Hwy, Dover, DE 19901, USA",Dover,DE,19901,39.1965702,-75.55010229999999,4.1,236,1,google
b72e2029c7c69605,avis,Avis,National Car Rental,"100 French St Unit 115A, Wilmington, DE 19801, USA",Wilmington,DE,19801,39.7369051,-75.5506728,3,32,1,google
77fb6674ef25535c,avis,Avis,Hertz Car Rental - Newark - Marrows Road,"1344 Marrows Rd, Newark, DE 19711, USA",Newark,DE,19711,39.6822804,-75.73076600000002,2.6,397,1,google
a2b937b58ef8cd3e,avis,Avis,Diavaeh Car Rental,"101 J and M Dr, New Castle, DE 19720, USA",New Castle,DE,19720,39.6788368,-75.6278554,4.3,52,1,google
c2da001a2603dc99,avis,Avis,Enterprise Rent-A-Car,"3915 Kirkwood Hwy, Wilmington, DE 19808, USA",Wilmington,DE,19808,39.7308742,-75.64578019999999,4.2,331,1,google
31ab814d60f3d1a4,avis,Avis,Enterprise Rent-A-Car,"430 Newark Shopping Center, Newark, DE 19711, USA",Newark,DE,19711,39.686307,-75.7453453,4.1,191,1,google
ddbf0e69631eae85,avis,Avis,Payless Car Rental,"105 N Dupont Hwy, New Castle, DE 19720, USA",New Castle,DE,19720,39.666207,-75.6041828,3.4,77,1,google
05c0c86984a8ce23,avis,Avis,Budget Car Rental,"105 N Dupont Hwy, New Castle, DE 19720, USA",New Castle,DE,19720,39.666207,-75.6041828,5,7,1,google
83c6d2b238e696cc,avis,Avis,Florida Rental Car,"7502 S Orange Blossom Trail R2, Orlando, FL 32809, USA",Orlando,FL,32809,28.457731,-81.39933690000001,4.8,4962,1,google
38714240b754d682,avis,Avis,Budget Car Rental,"1 Jeff Fuqua Blvd, Orlando, FL 32827, USA",Orlando,FL,32827,28.4315864,-81.30895009999999,2.5,13688,1,google
e77d4cd6aae4f33c,avis,Avis,Enterprise Rent-A-Car,"1 Jeff Fuqua Blvd, Orlando, FL 32827, USA",Orlando,FL,32827,28.4315146,-81.30828749999999,4.5,10113,1,google
8e9ffcb7d4068c79,avis,Avis,Alamo Rent A Car,"1 Jeff Fuqua Blvd, Orlando, FL 32827, USA",Orlando,FL,32827,28.4317789,-81.3083858,4.5,13187,1,google
8b5b774d77e5e522,avis,Avis,Miles Car Rental Orlando,"2875 S Orange Ave #1305, Orlando, FL 32806, USA",Orlando,FL,32806,28.5096821,-81.3735069,4.9,1035,1,google
8a16f7f3aa5b4888,avis,Avis,National Car Rental,"1 Jeff Fuqua Blvd, Orlando, FL 32827, USA",Orlando,FL,32827,28.431782,-81.30844479999999,4.6,11650,1,google
14cdc73cf1360817,avis,Avis,Fair Rent A Car,"inside Grand Hotel Orlando, 7825 Universal Blvd, Orlando, FL 32819, USA",Orlando,FL,32819,28.4512961,-81.4647602,4.8,200,1,google
7d2f1016a3552af7,avis,Avis,Enterprise Rent-A-Car,"5405 Airport Service Rd, Tampa, FL 33607, USA",Tampa,FL,33607,27.9640444,-82.5345423,4.5,11596,1,google
dab842409c477834,avis,Avis,Millers Rental Car Florida Auto,"1007 S Dillard St, Winter Garden, FL 34787, USA",Winter Garden,FL,34787,28.5526475,-81.5829531,4.7,200,1,google
001dca9023200c47,avis,Avis,Avis Car Rental,"1 Jeff Fuqua Blvd, Orlando, FL 32827, USA",Orlando,FL,32827,28.4311292,-81.3080314,3.8,14849,1,google
1df0ca75492cc441,avis,Avis,Up Rent a Car - Orlando,"4628 Old Goldenrod Rd, Orlando, FL 32822, USA",Orlando,FL,32822,28.4792663,-81.28576199999999,4.9,1569,1,google
b864a9ea82fe8482,avis,Avis,Florida Rental Car,"4101 NW 28th St, Miami, FL 33142, USA",Miami,FL,33142,25.80137,-80.263273,4.3,97,1,google
96ccf566ca28f04f,avis,Avis,Avis Car Rental,"5409 Airport Service Rd, Tampa, FL 33607, USA",Tampa,FL,33607,27.9644497,-82.5354972,4.1,6693,1,google
f5fba785f0a8eda0,avis,Avis,Budget Car Rental,"10902 N Florida Ave, Tampa, FL 33612, USA",Tampa,FL,33612,28.0477792,-82.4599575,3.4,191,1,google
e52e183cc807debc,avis,Avis,Snap Rental Car - Aluguel de Carros em Orlando - Florida,"6850 Hoffner Ave, Orlando, FL 32822, USA",Orlando,FL,32822,28.4801369,-81.29045339999999,4.9,342,1,google
cd285c1fb53fc4d3,avis,Avis,Orlando Rent Car,"5463 Gateway Village Cir Ste 103, Orlando, FL 32812, USA",Orlando,FL,32812,28.4570998,-81.31089349999999,5,191,1,google
67d0f073dfa28312,avis,Avis,Hertz Car Rental - Orlando - Orlando International Airport (MCO),"1 Airport Blvd, Orlando, FL 32812, USA",Orlando,FL,32812,28.4326899,-81.3094363,3.3,6693,1,google
1891de3f2ea4eb66,avis,Avis,Alamo Rent A Car,"5405 Airport Service Rd, Tampa, FL 33607, USA",Tampa,FL,33607,27.9636625,-82.5347651,4.6,7611,1,google
6d0bc3d30e9040c0,avis,Avis,SIXT Rent a Car Orlando International Drive,"8480 International Dr, Orlando, FL 32819, USA",Orlando,FL,32819,28.442553,-81.471166,3.9,500,1,google
4c5806be6218f654,avis,Avis,Advantage Car Rental,"7652 Narcoossee Rd, Orlando, FL 32822, USA",Orlando,FL,32822,28.4560935,-81.2700777,3.4,8366,1,google
a2441efd80abff2a,avis,Avis,Miles Car Rental Atlanta,"245 N Highland Ave NE Ste 230, Atlanta, GA 30307, USA",Atlanta,GA,30307,33.761674,-84.35974999999999,4.9,1898,1,google
43e8cedbdfe4d147,avis,Avis,Enterprise Rent-A-Car,"2200 Rental Car Center Pkwy #2210, College Park, GA 30337, USA",College Park,GA,30337,33.639942,-84.464367,4.5,15078,1,google
026f59d04961658b,avis,Avis,National Car Rental,"2200 Rental Car Center Pkwy #2250, College Park, GA 30337, USA",College Park,GA,30337,33.6398924,-84.46424019999999,4.5,9333,1,google
719839a86cb7a93e,avis,Avis,Routes Car Rental,"2144 Sullivan Rd, College Park, GA 30337, USA",College Park,GA,30337,33.6241529,-84.4595571,4.2,8929,1,google
ba3229a4da78bf72,avis,Avis,Alamo Rent A Car,"2200 Rental Car Center Pkwy #2255, College Park, GA 30337, USA",College Park,GA,30337,33.6398563,-84.4644785,4.4,6795,1,google
22efefe2ef6e0781,avis,Avis,SIXT Car Rental - Atlanta International Airport (ATL),"Rental Car Center, 2300 Rental Car Center Pkwy, College Park, GA 30337, USA",College Park,GA,30337,33.6398686,-84.46407339999999,4.1,6548,1,google
c4b8930d9f42e4ac,avis,Avis,SIXT Rent a Car Atlanta Buckhead,"3275 Peachtree Rd NE #240, Atlanta, GA 30305, USA",Atlanta,GA,30305,33.8442282,-84.36920370000001,3.8,1330,1,google
5ad6e7e9dd27b9ec,avis,Avis,Hertz Car Rental - Atlanta - Hartsfield-jackson Atlanta International Airport (ATL),"2200 Rental Car Center Pkwy, College Park, GA 30337, USA",College Park,GA,30337,33.639826,-84.46417199999999,3.6,5473,1,google
1ad0823ff8994287,avis,Avis,Avis Car Rental,"143 Courtland St NE, Atlanta, GA 30303, USA",Atlanta,GA,30303,33.7582333,-84.3838706,3.3,1760,1,google
7b71a92f921a8988,avis,Avis,Avis Car Rental,"2200 Rental Car Center Pkwy, College Park, GA 30337, USA",College Park,GA,30337,33.6398771,-84.4643134,3.7,15344,1,google
8b515da8e34282a8,avis,Avis,Enterprise Rent-A-Car,"303 Courtland St NE, Atlanta, GA 30303, USA",Atlanta,GA,30303,33.7626726,-84.38389959999999,4,853,1,google
83c44e7ac28c68ab,avis,Avis,Choice Signature Luxury Car Rental - Atlanta GA,"260 Peachtree St NW Ste 2200, Atlanta, GA 30303, USA",Atlanta,GA,30303,33.7454953,-84.3853261,5,16,1,google
9b72d7f4ff44253f,avis,Avis,Atlanta Rental Car Center,"ATL SkyTrain – Rental Car Center Station, College Park, GA 30337, USA",College Park,GA,30337,33.639942,-84.46318099999999,4.3,144,1,google
5e4430483914c9e2,avis,Avis,Atlanta Rental Car Return,"2300 Rental Car Center Pkwy, College Park, GA 30337, USA",College Park,GA,30337,33.6402087,-84.4630538,4.3,1477,1,google
b21ff07bf187dd23,avis,Avis,Budget Car Rental,"140 Courtland St NE, Atlanta, GA 30303, USA",Atlanta,GA,30303,33.7582539,-84.38441379999999,2.4,326,1,google
7edef3e5a627c664,avis,Avis,Enterprise Rent-A-Car,"3088 Piedmont Rd NE, Buckhead, GA 30305, USA",Atlanta,GA,30305,33.8397047,-84.36984079999999,4.1,619,1,google
6aaedb5fe518b7eb,avis,Avis,Enterprise Rent-A-Car,"1475 Carroll Dr NW, Atlanta, GA 30318, USA",Atlanta,GA,30318,33.8028582,-84.435983,4.4,203,1,google
a17a7005503eafc2,avis,Avis,National Car Rental,"436 Airways Ave, Savannah, GA 31408, USA",Savannah,GA,31408,32.1353873,-81.21008359999999,4.5,610,1,google
f0c98927881c82fb,avis,Avis,Hertz Car Rental - Atlanta - Courtland Street Ne,"202 Courtland St NE, Atlanta, GA 30303, USA",Atlanta,GA,30303,33.759822,-84.384378,2.7,542,1,google
3904ab4d18e0f5b6,avis,Avis,Avis Car Rental,"7070 Abercorn St, Savannah, GA 31406, USA",Savannah,GA,31406,32.0120387,-81.1132939,4.4,913,1,google
c78a87ba597ebec0,avis,Avis,Lucky Owl Car Rental,"852 Mapunapuna St Ste 2, Honolulu, HI 96819, USA",Honolulu,HI,96819,21.3421723,-157.8994821,4.7,1083,1,google
81df76e75b0c8b14,avis,Avis,Enterprise Rent-A-Car,"300 Rodgers Blvd, Honolulu, HI 96819, USA",Honolulu,HI,96819,21.3318236,-157.920133,4.5,4563,1,google
beccf61829261016,avis,Avis,Island Car Rental,"1765 Ala Moana Blvd, Honolulu, HI 96815, USA",Honolulu,HI,96815,21.2855735,-157.8395601,4.6,366,1,google
566bed70f794301c,avis,Avis,SIXT Car Rental - Honolulu International Airport (HNL),"300 Rodgers Blvd, Honolulu, HI 96819, USA",Honolulu,HI,96819,21.3333983,-157.9163319,4.6,4038,1,google
e016ebc61dcdef26,avis,Avis,SIXT Rent A Car Honolulu Waikiki Beach,"2490 Kalakaua Ave Alohilani Resort, Honolulu, HI 96815, USA",Honolulu,HI,96815,21.2751071,-157.8230569,4.6,1201,1,google
a3309c74c6fc4ca5,avis,Avis,Car Rentals Of Hawaii,"CA2 On The Second Floor (OPEN BY APPOINTMENTS ONLY, Luhia St #74-5565, Kailua-Kona, HI 96740, USA",Kailua-Kona,HI,96740,19.6488074,-156.0000681,4.5,93,1,google
03770fe9ec130730,avis,Avis,National Car Rental,"300 Rodgers Blvd, Honolulu, HI 96819, USA",Honolulu,HI,96819,21.3329891,-157.9171031,4.6,2061,1,google
de6aa4c1d4f66d6a,avis,Avis,Hawaii Lifted Jeep Rentals,"73-4241 Hulikoa Dr, Kailua-Kona, HI 96740, USA",Kailua-Kona,HI,96740,19.6997337,-156.0131514,5,750,1,google
9a3991c17f53d74e,avis,Avis,Budget Car Rental,"300 Rodgers Blvd, Honolulu, HI 96819, USA",Honolulu,HI,96819,21.3332499,-157.9176991,3.3,2797,1,google
1cf00e4378f275f8,avis,Avis,Avis Car Rental,"300 Rodgers Blvd, Honolulu, HI 96819, USA",Honolulu,HI,96819,21.3333266,-157.919643,4.2,3570,1,google
d7aff1ab42a577d5,avis,Avis,Enterprise Rent-A-Car,"101 Mayor Elmer F. Cravalho Wy, Kahului, HI 96732, USA",Kahului,HI,96732,20.8911612,-156.4410625,4.6,1778,1,google
1fcc7eb89c752abc,budget,Budget,Budget Car Rental,"5344 Messer Airport Hwy, Birmingham, AL 35212, USA",Birmingham,AL,35212,33.5516553,-86.75529879999999,3.3,429,1,google
87c360195abb4530,budget,Budget,Budget Car Rental,"2301 3rd Ave S, Birmingham, AL 35233, USA",Birmingham,AL,35233,33.5116942,-86.7979969,3.9,156,1,google
dd5661819e1dca8c,budget,Budget,Budget Car Rental,"2900 Eastern Blvd, Montgomery, AL 36116, USA",Montgomery,AL,36116,32.3414442,-86.2263108,3.5,48,1,google
2b113551c6a2b941,budget,Budget,Budget Car Rental,"7601 Robert Cardinal Airport Rd Ste 100, Tuscaloosa, AL 35401, USA",Tuscaloosa,AL,35401,33.222832,-87.610562,3.8,87,1,google
794956990e301919,budget,Budget,Budget Car Rental,"8400 Airport Blvd, Mobile, AL 36608, USA",Mobile,AL,36608,30.6813282,-88.2441408,3,98,1,google
4e76f8da02f378e2,budget,Budget,Budget Car Rental,"1000 Glenn Hearn Blvd SW Ste 108B, Huntsville, AL 35824, USA",Huntsville,AL,35824,34.6482049,-86.774574,2.8,212,1,google
f5422ea1554772a4,budget,Budget,Budget Car Rental,"451-B Southgate Dr, Pelham, AL 35124, USA",Pelham,AL,35124,33.3358529,-86.7874629,3.3,100,1,google
25e41a1401abab6f,budget,Budget,Budget Car Rental,"4445 Selma Hwy, Montgomery, AL 36108, USA",Montgomery,AL,36108,32.3048576,-86.390468,3.1,29,1,google
1c3ee1de64aa019b,budget,Budget,Budget Car Rental,"5900 Messer Airport Hwy, Birmingham, AL 35212, USA",Birmingham,AL,35212,33.5616372,-86.7509086,,0,1,google
14b6d8f5d6667a48,budget,Budget,Budget Car Rental,"1100 S Quintard Ave, Anniston, AL 36201, USA",Anniston,AL,36201,33.6339899,-85.8261541,2.1,45,1,google
9e05d3d057c07f12,budget,Budget,Budget Car Rental,"3154 University Dr NW, Huntsville, AL 35816, USA",Huntsville,AL,35816,34.7356186,-86.61881509999999,2.7,67,1,google
d7ad111cc7cf2f71,budget,Budget,Budget Car Rental,"1702 E Main St, Prattville, AL 36066, USA",Prattville,AL,36066,32.4591616,-86.4252751,2.6,21,1,google
0440e9624f495632,budget,Budget,Budget Car Rental,"6450 Airport Way, Fairbanks, AK 99709, USA",Fairbanks,AK,99709,64.817407,-147.86857,3,185,1,google
732e9cf008e75d9f,budget,Budget,Budget Car Rental,"1000 Airport Terminal, Ketchikan, AK 99901, USA",Ketchikan,AK,99901,55.3567842,-131.7095849,4.4,36,1,google
638282c2e788744a,budget,Budget,Budget Car Rental,"1873 Shell Simmons Dr, Juneau, AK 99801, USA",Juneau,AK,99801,58.35909959999999,-134.5836668,2.6,32,1,google
53a5d7d910abeee5,budget,Budget,Budget Car Rental,"305 N Willow St, Kenai, AK 99611, USA",Kenai,AK,99611,60.565,-151.2467,4.5,86,1,google
039d08f3d5ad5e22,budget,Budget,Budget Car Rental,"245 Trading Bay Rd, Kenai, AK 99611, USA",Kenai,AK,99611,60.563597,-151.243309,3.6,9,1,google
cbfacb417cf98f11,budget,Budget,Budget Car Rental,"245 E Bell Rd, Phoenix, AZ 85022, USA",Phoenix,AZ,85022,33.638615,-112.07176,3.7,78,1,google
f2630a3a353e386b,budget,Budget,Budget Car Rental,"1412 N Scottsdale Rd, Tempe, AZ 85281, USA",Tempe,AZ,85281,33.444508,-111.927246,4.1,161,1,google
d1410a7c2c37e7af,budget,Budget,Budget Car Rental,"1401 N Arizona Ave, Chandler, AZ 85225, USA",Chandler,AZ,85225,33.3283679,-111.8410756,3,79,1,google
5a7bc454fdb1dff7,budget,Budget,Budget Car Rental,"6666 W Bell Rd, Glendale, AZ 85308, USA",Glendale,AZ,85308,33.6385881,-112.2017894,3.5,201,1,google
aad65a66a3f7f9ad,budget,Budget,Budget Car Rental,"6650 E Superstition Springs Blvd, Mesa, AZ 85206, USA",Mesa,AZ,85206,33.385582,-111.68696,3.3,135,1,google
0816ab3337a340c1,budget,Budget,Budget Car Rental,"18631 N 19th Ave, Phoenix, AZ 85027, USA",Phoenix,AZ,85027,33.656548,-112.09832,3.9,78,1,google
5f39af74f846c2ad,budget,Budget,Budget Car Rental,"8969 E Talking Stick Wy, Scottsdale, AZ 85250, USA",Scottsdale,AZ,85250,33.5361162,-111.8882295,3.8,24,1,google
dfcb254561c8d624,budget,Budget,Budget Car Rental,"8752 E Shea Blvd, Scottsdale, AZ 85260, USA",Scottsdale,AZ,85260,33.5834838,-111.8927933,3.2,69,1,google
7494663e5639a9fc,budget,Budget,Budget Car Rental,"14880 N Northsight Blvd Ste 105, Scottsdale, AZ 85260, USA",Scottsdale,AZ,85260,33.62171,-111.8983027,3.9,45,1,google
32d3feb57fd5326d,budget,Budget,Budget Car Rental,"205 E Van Buren St, Avondale, AZ 85323, USA",Avondale,AZ,85323,33.4494866,-112.3476776,4,103,1,google
435eb8d363777e8b,budget,Budget,Budget Car Rental,"529 S Country Club Dr, Mesa, AZ 85210, USA",Mesa,AZ,85210,33.4050681,-111.8386698,3.5,246,1,google
8bf38487232bdcca,budget,Budget,Budget / Avis Car Rental,"6322 E Superstition Springs Blvd Suite 111, Mesa, AZ 85206, USA",Mesa,AZ,85206,33.3906749,-111.6960386,3.8,30,1,google
378466426d962cf2,budget,Budget,Budget Car Rental,"17150 N 134th Dr, Surprise, AZ 85378, USA",Surprise,AZ,85378,33.6415086,-112.34812,4,145,1,google
6147197c1c4275dc,budget,Budget,Budget Car Rental,"2000 N Litchfield Rd, Goodyear, AZ 85395, USA",Goodyear,AZ,85395,33.4679521,-112.3589709,3.3,70,1,google
44db9c6b5ae18103,budget,Budget,Budget Car Rental,"7275 S Tucson Blvd, Tucson, AZ 85756, USA",Tucson,AZ,85756,32.1203929,-110.9353286,2.9,1032,1,google
1f3c3000ef29c812,budget,Budget,Budget Car Rental,"2860 S Alma School Rd, Chandler, AZ 85286, USA",Chandler,AZ,85286,33.2636969,-111.8610405,4.3,67,1,google
be395b0879b1ef0a,budget,Budget,Budget Car Rental,"6033 S Sossaman Rd, Mesa, AZ 85212, USA",Mesa,AZ,85212,33.3061557,-111.669333,4,105,1,google
26cf4bb331cadbd7,budget,Budget,Budget Car Rental,"3924 W Ina Rd, Tucson, AZ 85741, USA",Tucson,AZ,85741,32.33834,-111.049614,3.4,78,1,google
95eb866d30977663,budget,Budget,Budget Car Rental,"3929 McCain Blvd, North Little Rock, AR 72116, USA",North Little Rock,AR,72116,34.79296000000001,-92.22716000000001,2.9,33,1,google
59c5f5cf20792630,budget,Budget,Budget Car Rental,"6700 McKennon Blvd, Fort Smith, AR 72903, USA",Fort Smith,AR,72903,35.34092740000001,-94.358685,3.6,116,1,google
f59b7746ad66094f,budget,Budget,Budget Car Rental,"2600 Txk Blvd, Texarkana, AR 71854, USA",Texarkana,AR,71854,33.4505361,-93.9899741,4.1,96,1,google
3c04538849d6ead9,budget,Budget,Budget Car Rental,"5251 W 98th St, Los Angeles, CA 90045, USA",Los Angeles,CA,90045,33.9498709,-118.373471,2.6,13053,1,google
05adf8a17ecd91d5,budget,Budget,Budget Car Rental,"North Alameda Street Near, E Cesar E Chavez Ave, Los Angeles, CA 90012, USA",Los Angeles,CA,90012,34.056142,-118.2348451,3.5,180,1,google
dea56ff04133df36,budget,Budget,Budget Car Rental,"200 W Katella Ave, Anaheim, CA 92802, USA",Anaheim,CA,92802,33.8030946,-117.9084916,3.1,123,1,google
bad6608bf05ba669,budget,Budget,Budget Car Rental,"2110 E Cesar Chavez Blvd, Fresno, CA 93721, USA",Fresno,CA,93721,36.7305178,-119.7840967,3.5,166,1,google
3e72c100eab6b9aa,budget,Budget,Budget Car Rental,"647 Mateo St, Los Angeles, CA 90021, USA",Los Angeles,CA,90021,34.0364154,-118.2328805,3.3,60,1,google
3c16accfba61128f,budget,Budget,Budget Car Rental,"3355 Admiral Boland Way Ste R176, San Diego, CA 92101, USA",San Diego,CA,92101,32.737103,-117.18089,3.7,4494,1,google
91bea4f580487726,budget,Budget,Budget Car Rental,"3600 Wilshire Blvd, Los Angeles, CA 90010, USA",Los Angeles,CA,90010,34.0613059,-118.3037571,4,85,1,google
f16983ad6845aaf4,budget,Budget,Budget Car Rental,"888 S Figueroa St, Los Angeles, CA 90017, USA",Los Angeles,CA,90017,34.04701,-118.26182,2.4,78,1,google
7bd38a7d772a688b,budget,Budget,Budget Car Rental,"1027 Broadway, Santa Monica, CA 90401, USA",Santa Monica,CA,90401,34.0205096,-118.4874683,3.3,51,1,google
3c5de8f65426f10e,budget,Budget,Budget Car Rental,"5175 E Clinton Way, Fresno, CA 93727, USA",Fresno,CA,93727,36.7700118,-119.7198902,3.4,635,1,google
2cd22ad779f4bcfa,budget,Budget,Budget Car Rental,"675 Post St, San Francisco, CA 94109, USA",San Francisco,CA,94109,37.7874764,-122.4127321,3.3,341,1,google
90306ebfa7c3ee52,budget,Budget,Budget Car Rental,"1659 Airport Blvd, San Jose, CA 95110, USA",San Jose,CA,95110,37.3648241,-121.9223382,2.9,1200,1,google
548a1a3870de25d3,budget,Budget,Budget Car Rental,"2452 Old Middlefield Way, Mountain View, CA 94043, USA",Mountain View,CA,94043,37.4153921,-122.0983237,4.2,83,1,google
9ecd45cc7c627019,budget,Budget,Budget Car Rental,"4230 El Camino Real, Palo Alto, CA 94306, USA",Palo Alto,CA,94306,37.4084042,-122.1223464,4,58,1,google
7843da1655bb4d0d,budget,Budget,Budget Car Rental,"3450 E Airport Dr, Ontario, CA 91761, USA",Ontario,CA,91761,34.060623,-117.57729,3,1113,1,google
cd4ddb6d87ef7c1d,budget,Budget,Budget Car Rental,"1790 Concord Ave, Concord, CA 94520, USA",Concord,CA,94520,37.9776072,-122.039207,3.5,65,1,google
5b6210bc81b3a35a,budget,Budget,Budget Car Rental,"20522 Hawthorne Blvd, Torrance, CA 90503, USA",Torrance,CA,90503,33.8444838,-118.3531954,3.8,277,1,google
524e79679a13e3cb,budget,Budget,Budget Car Rental,"11901 Santa Monica Blvd, Los Angeles, CA 90025, USA",Los Angeles,CA,90025,34.0420698,-118.460979,3.6,56,1,google
43359f9b2793affb,budget,Budget,Budget Car Rental,"7770 Milton E Proby Pkwy, Colorado Springs, CO 80916, USA",Colorado Springs,CO,80916,38.7964552,-104.7001687,3.5,926,1,google
0acffb2fb651cf94,budget,Budget,Budget Car Rental,"217 Eldon Wilson Rd, Gypsum, CO 81637, USA",Gypsum,CO,81637,39.6403525,-106.913496,3.6,85,1,google
62a5b5bfd9183300,budget,Budget,Budget Car Rental,"5550 E Woodmen Rd, Colorado Springs, CO 80920, USA",Colorado Springs,CO,80920,38.942682,-104.7252975,3.9,78,1,google
18a50f3c185d76df,budget,Budget,Budget Car Rental,"2850 W 26th Ave, Denver, CO 80211, USA",Denver,CO,80211,39.7545053,-105.0233008,4.3,42,1,google
dec44ee2166fb1df,budget,Budget,Budget Car Rental,"3901 Quebec St, Denver, CO 80207, USA",Denver,CO,80207,39.7712232,-104.9038679,3.3,412,1,google
8a0425a24af73f91,budget,Budget,Budget Car Rental,"4800 E Evans Ave, Denver, CO 80222, USA",Denver,CO,80222,39.67815,-104.9312376,3,147,1,google
b6ad4670e326be25,budget,Budget,Budget Car Rental,"4241 S Chambers Way, Aurora, CO 80014, USA",Aurora,CO,80014,39.63965109999999,-104.8092026,4.2,30,1,google
2a84398f51017543,budget,Budget,Budget,"1101 W Dartmouth Ave, Englewood, CO 80110, USA",Englewood,CO,80110,39.661161,-105.0011372,2.8,186,1,google
5daf4d06ffe59041,budget,Budget,Budget Car Rental,"1100 US-287, Broomfield, CO 80020, USA",Broomfield,CO,80020,39.93171299999999,-105.089041,3.7,161,1,google
3015c316bed2aa9b,budget,Budget,Budget Car Rental,"15055 E Mississippi Ave, Aurora, CO 80012, USA",Aurora,CO,80012,39.6977314,-104.8131371,3.9,197,1,google
e46f8e239a8e4aad,budget,Budget,Budget Car Rental,"233 Airport Rd, Aspen, CO 81611, USA",Aspen,CO,81611,39.2193018,-106.8640266,2.6,74,1,google
acf239c58d20385f,budget,Budget,Budget Car Rental,"1408 W 104th Ave, Northglenn, CO 80234, USA",Northglenn,CO,80234,39.8843521,-105.0040121,4,253,1,google
470082b49da8c708,budget,Budget,Budget Car Rental,"754 S Perry St, Castle Rock, CO 80104, USA",Castle Rock,CO,80104,39.36377,-104.860115,3.5,93,1,google
fb0d99592ad7deb6,budget,Budget,Budget Car Rental,"2454 US-6 & 50, #108, Grand Junction, CO 81505, USA",Grand Junction,CO,81505,39.088036,-108.5974,2.6,51,1,google
e761a635ffc54666,budget,Budget,Budget Car Rental,"4800 Baseline Rd, Boulder, CO 80303, USA",Boulder,CO,80303,39.99858260000001,-105.2349832,3.3,80,1,google
e02c2a6537a64bc5,budget,Budget,Budget Car Rental,"58 Mill Plain Rd, Danbury, CT 06811, USA",Danbury,CT,06811,41.3898792,-73.5026458,3.7,111,1,google
468d7f2aa9fb99f7,budget,Budget,Budget Car Rental,"170 Olive St, New Haven, CT 06511, USA",New Haven,CT,06511,41.30804029999999,-72.9193403,2.7,75,1,google
d4a5c706c7c8c592,budget,Budget,Budget Car Rental,"99 Beardsley Ave, Stratford, CT 06615, USA",Stratford,CT,06615,41.1881673,-73.134328,2.2,84,1,google
0d85278bdc667b55,budget,Budget,Budget Car Rental,"1 Ferry Ln, Westport, CT 06880, USA",Westport,CT,06880,41.1188914,-73.370294,3.7,40,1,google
eb3726c7ebf4effa,budget,Budget,Budget Car Rental,"55 Kane St, West Hartford, CT 06119, USA",West Hartford,CT,06119,41.7510188,-72.7183194,4.1,14,1,google
600c6241ba82d1c5,budget,Budget,Budget Car Rental,"131 John St, Bridgeport, CT 06604, USA",Bridgeport,CT,06604,41.1774809,-73.1895412,5,1,1,google
f7e225183c695067,budget,Budget,Budget Car Rental,"180 Schoephoester Rd, Windsor Locks, CT 06096, USA",Windsor Locks,CT,06096,41.9298622,-72.688656,3.1,977,1,google
db33e9a87000f689,budget,Budget,Budget Car Rental,"274 Leibert Rd, Hartford, CT 06120, USA",Hartford,CT,06120,41.7905757,-72.6544869,2.5,254,1,google
7cd689a894af403f,budget,Budget,Budget Car Rental,"155 Tower Ave, Groton, CT 06340, USA",Groton,CT,06340,41.3314707,-72.04619579999999,3,41,1,google
afe9f3019f1017f2,budget,Budget,Budget Car Rental,"50 Union Ave, New Haven, CT 06519, USA",New Haven,CT,06519,41.2973604,-72.9267668,3.4,132,1,google
25107f3cad3309b5,budget,Budget,Budget Car Rental,"2600 Berlin Tpke, Newington, CT 06111, USA",Newington,CT,06111,41.67991809999999,-72.7112527,2,161,1,google
b5d6042bb23d1b18,budget,Budget,Budget Car Rental,"155 Burr St, New Haven, CT 06512, USA",New Haven,CT,06512,41.263426,-72.8863867,2.7,84,1,google
a8b7229cad4378ca,budget,Budget,Budget Car Rental,"155 Thomaston Ave, Waterbury, CT 06702, USA",Waterbury,CT,06702,41.5604951,-73.0536412,3.8,13,1,google
d34013076d91f524,budget,Budget,Budget Car Rental,"1 Station Pl, Stamford, CT 06902, USA",Stamford,CT,06902,41.0457748,-73.54211219999999,3.5,88,1,google
ce2f8c4c8688555d,budget,Budget,Budget Car Rental,"222 Post Rd, Fairfield, CT 06824, USA",Fairfield,CT,06824,41.1518806,-73.2403727,2.3,62,1,google
019eb7110e6f5259,budget,Budget,Budget Car Rental,"1206 Queen St, Southington, CT 06489, USA",Southington,CT,06489,41.6494085,-72.8716693,4.4,7,1,google
7f0a85ce65d71b48,budget,Budget,Budget Car Rental,"28 Day Hill Rd, Windsor, CT 06095, USA",Windsor,CT,06095,41.8739861,-72.6686339,,0,1,google
2cafc6499f1b348b,budget,Budget,Budget Car Rental,"146 Brickyard Rd, Farmington, CT 06032, USA",Farmington,CT,06032,41.7500526,-72.8562841,4.2,5,1,google
f2172f02a4953c66,budget,Budget,Budget Car Rental,"915 S Chapel St, Newark, DE 19713, USA",Newark,DE,19713,39.6570753,-75.7365585,3.5,46,1,google
63172fc3e149da4b,budget,Budget,Budget Car Rental,"3024 N Dupont Hwy, Dover, DE 19901, USA",Dover,DE,19901,39.1965702,-75.55010229999999,3.6,107,1,google
90e2008860dadaad,budget,Budget,Budget Car Rental,"702 Ash Blvd, Middletown, DE 19709, USA",Middletown,DE,19709,39.4591866,-75.72510319999999,4.3,7,1,google
a5ce11b35fd1fc87,budget,Budget,Budget Car Rental,"8978 International Dr, Orlando, FL 32819, USA",Orlando,FL,32819,28.4381799,-81.4728076,3,279,1,google
81f414a000a3e070,budget,Budget,Budget Car Rental,"5916 Caravan Ct, Orlando, FL 32819, USA",Orlando,FL,32819,28.4762561,-81.4577668,3.6,270,1,google
842eccf3313f95be,budget,Budget,Budget Car Rental,"2305 Hotel Plaza Blvd, Lake Buena Vista, FL 32830, USA",Lake Buena Vista,FL,32830,28.3791433,-81.5061214,4.1,295,1,google
126c0179bb72e018,budget,Budget,Budget Car Rental,"513 S Florida Ave, Tampa, FL 33602, USA",Tampa,FL,33602,27.9421657,-82.4546783,2.7,81,1,google
56359c721d99e352,budget,Budget,Budget Car Rental,"2125 W Landstreet Rd, Orlando, FL 32809, USA",Orlando,FL,32809,28.4362586,-81.4072496,3.7,247,1,google
faa203b4974d0d57,budget,Budget,Budget Car Rental,"306 N Rosalind Ave, Orlando, FL 32801, USA",Orlando,FL,32801,28.546276,-81.376225,2.8,177,1,google
059a2ead60f2ab86,budget,Budget,Budget Car Rental,"120 W Memorial Blvd, Lakeland, FL 33815, USA",Lakeland,FL,33815,28.0545133,-81.958095,3.5,323,1,google
e347aaa2b21c22a5,budget,Budget,Budget Car Rental,"1633 John Young Pkwy, Kissimmee, FL 34741, USA",Kissimmee,FL,34741,28.3061165,-81.4149822,3.2,233,1,google
2f0f2510d82d0a7a,budget,Budget,Budget Car Rental,"5770 W Irlo Bronson Memorial Hwy, Kissimmee, FL 34746, USA",Kissimmee,FL,34746,28.3284732,-81.5160271,3.1,235,1,google
92c090d14ceb2141,budget,Budget,Budget Car Rental,"594 Brandon Town Center Dr Space 594, Brandon, FL 33511, USA",Brandon,FL,33511,27.9311816,-82.32515819999999,2.8,199,1,google
409ab3e71baf6c13,budget,Budget,Budget Car Rental,"4037 66th St N, St. Petersburg, FL 33709, USA",St. Petersburg,FL,33709,27.8087487,-82.7282839,3.5,350,1,google
89acfd7ee8d92c16,budget,Budget,Budget Car Rental,"5409 Airport Service Rd, Tampa, FL 33607, USA",Tampa,FL,33607,27.9644497,-82.5354972,2.8,4840,1,google
fc4e1910dc0443e8,budget,Budget,Budget Car Rental,"3011 Maingate Ln, Kissimmee, FL 34747, USA",Kissimmee,FL,34747,28.3371332,-81.5874887,3.5,245,1,google
bf881923c37c0842,budget,Budget,Budget Car Rental,"Cypress Garage, 600 Terminal Dr, Fort Lauderdale, FL 33315, USA",Fort Lauderdale,FL,33315,26.0717061,-80.13722039999999,2.8,6962,1,google
15b6b2f7f3c68537,budget,Budget,Budget Car Rental,"4715 14th St W, Bradenton, FL 34207, USA",Bradenton,FL,34207,27.4566924,-82.574975,3.6,268,1,google
747538004fb93e3e,budget,Budget,Budget Car Rental,"93 SE 2nd St, Miami, FL 33131, USA",Miami,FL,33131,25.7726669,-80.1922106,2.7,1151,1,google
536d958735fa7ad4,budget,Budget,Budget Car Rental,"2005 Belvedere Rd, West Palm Beach, FL 33406, USA",West Palm Beach,FL,33406,26.6920619,-80.0804115,2.8,3610,1,google
99d3a0e01533a75d,budget,Budget,Budget Car Rental,"1008 E Hwy 50 at, US-27, Clermont, FL 34711, USA",Clermont,FL,34711,28.5492053,-81.73799729999999,3.9,245,1,google
28b4a13a68bec7bd,budget,Budget,Budget Car Rental,"2300 Rental Car Center Pkwy, College Park, GA 30337, USA",College Park,GA,30337,33.6403958,-84.4632697,2.6,1424,1,google
92439f6ce1239803,budget,Budget,Budget Car Rental,"6952 Tara Blvd, Jonesboro, GA 30236, USA",Jonesboro,GA,30236,33.5644697,-84.3706001,2.5,11,1,google
f9b72c674235c2f2,budget,Budget,Budget Car Rental,"975 Cobb Pkwy SE, Marietta, GA 30060, USA",Marietta,GA,30060,33.9292647,-84.50819410000001,2.8,111,1,google
55fcacbe0071e4ad,budget,Budget,Budget Car and Truck Rental,"6952 Tara Blvd, Jonesboro, GA 30236, USA",Jonesboro,GA,30236,33.5644862,-84.3705548,3.2,299,1,google
62039c5335ef2a72,budget,Budget,Budget Car Rental,"2960 Main St W, Snellville, GA 30078, USA",Snellville,GA,30078,33.8529068,-84.0359733,2.3,7,1,google
2940973950570b90,budget,Budget,Budget Car Rental,"1000 Terminal Dr, Macon, GA 31216, USA",Macon,GA,31216,32.7015229,-83.65014889999999,2.8,142,1,google
3d1fdece02622ec7,budget,Budget,Budget,"437 W Pike St, Lawrenceville, GA 30046, USA",Lawrenceville,GA,30046,33.9586552,-84.00115199999999,2.6,216,1,google
68f5151c126ce50e,budget,Budget,Budget Car Rental,"100 Riverwalk Court, Canton, GA 30114, USA",Canton,GA,30114,34.233574,-84.4994,2.5,108,1,google
57f3735f72b10cae,budget,Budget,Budget,"960 Thornton Rd, Lithia Springs, GA 30122, USA",Lithia Springs,GA,30122,33.7786824,-84.6060143,3.1,190,1,google
e5103ca8a52a28a3,budget,Budget,Budget Car Rental,"4232 Lavista Rd, Tucker, GA 30084, USA",Tucker,GA,30084,33.8470313,-84.2457821,3.1,191,1,google
468a2b712962f185,budget,Budget,Budget Car Rental,"442 Airways Ave, Savannah, GA 31408, USA",Savannah,GA,31408,32.1367926,-81.2201005,2.5,1080,1,google
f2b16489afdf3b8d,budget,Budget,Budget Car Rental,"518 Atlanta Rd, Cumming, GA 30040, USA",Cumming,GA,30040,34.196312,-84.1352,3.1,142,1,google
481597765fc1f384,budget,Budget,Budget Car Rental,"8129 Covington Hwy, Lithonia, GA 30058, USA",Lithonia,GA,30058,33.7019916,-84.0912251,3,2,1,google
62b3b072f9d8c7b9,budget,Budget,Budget Car Rental,"1468 Lafayette Pkwy, LaGrange, GA 30241, USA",LaGrange,GA,30241,33.04131,-84.98357399999999,3.5,53,1,google
043501420d1e5c1d,budget,Budget,Budget Car Rental,"7070 Abercorn St, Savannah, GA 31406, USA",Savannah,GA,31406,32.0120387,-81.1132939,4.7,226,1,google
8d9798de3e710778,budget,Budget,Budget Car Rental,"3250 W Britt David Rd, Columbus, GA 31909, USA",Columbus,GA,31909,32.5181763,-84.9398543,2.1,111,1,google
108a2cc1183f49bc,budget,Budget,Budget Car Rental,"715 Holcomb Bridge Rd, Roswell, GA 30075, USA",Roswell,GA,30075,34.0315952,-84.3401202,2.4,130,1,google
8d4a44eb25fe162a,budget,Budget,Budget Car Rental,"8129 Covington Hwy, Lithonia, GA 30058, USA",Lithonia,GA,30058,33.7019189,-84.0913771,2.9,238,1,google
46b703c8dd1662fb,budget,Budget,Budget Car Rental,"3446 Buford Hwy NE, Duluth, GA 30096, USA",Duluth,GA,30096,33.9925545,-84.15165739999999,3.4,52,1,google
df4483592786809e,budget,Budget,Budget Car Rental,"101 Mayor Elmer F. Cravalho Wy, Kahului, HI 96732, USA",Kahului,HI,96732,20.891101,-156.4405527,2.6,2121,1,google
0d4d13f87189ddf1,budget,Budget,Budget Car Rental,"73-361 Kupipi St, Kailua-Kona, HI 96740, USA",Kailua-Kona,HI,96740,19.7339765,-156.0343996,3.1,3433,1,google
2ac542104f615970,budget,Budget,Budget Car Rental,"Oahu Island, 2330 Kalākaua Ave, Honolulu, HI 96815, USA",Honolulu,HI,96815,21.2779875,-157.826706,2.9,195,1,google
e6ca72c9e461bb53,budget,Budget,Budget Car Rental,"2570 Kalākaua Ave, Honolulu, HI 96815, USA",Honolulu,HI,96815,21.2724386,-157.822561,2.3,29,1,google
8e3fa719d41c3722,budget,Budget,Budget Car Rental,"2355 Kekuanaoa St, Hilo, HI 96720, USA",Hilo,HI,96720,19.71491,-155.0396,3.8,393,1,google
2a5ddec13b48050b,budget,Budget,Budget Car Rental,"3285 Hoolimalima Pl, Lihue, HI 96766, USA",Lihue,HI,96766,21.9808778,-159.3499469,2.6,2719,1,google
ba4db07ea4826109,budget,Budget,Budget Car Rental,"91-5431 Kapolei Pkwy Ste 1005, Kapolei, HI 96707, USA",Kapolei,HI,96707,21.3333547,-158.0527758,5,15,1,google
fa595d24943ab5fd,budget,Budget,Budget Car Rental,"Maui Island, 11 Halawai Dr, Lahaina, HI 96761, USA",Lahaina,HI,96761,20.9427387,-156.6887383,3.7,242,1,google
840efc79306cd4ed,budget,Budget,Budget Car Rental,"455 Kalewa St, Honolulu, HI 96819, USA",Honolulu,HI,96819,21.329632,-157.9011472,3,2,1,google
f084cf6cf178f981,budget,Budget,Budget Car Rental,"3201 W Airport Way, Boise, ID 83705, USA",Boise,ID,83705,43.568689,-116.222047,3.7,756,1,google
6c1d0db3840f7f4e,budget,Budget,Budget Car Rental,"2565 W Main St, Boise, ID 83702, USA",Boise,ID,83702,43.6214684,-116.2223804,3.9,69,1,google
ea4f13d7d3f84040,budget,Budget,Budget Car Rental,"1950 Airport Way Box 14, Pocatello, ID 83204, USA",Pocatello,ID,83204,42.90575399999999,-112.5887996,3.4,36,1,google
31dd11d72c6fa634,budget,Budget,Budget Car Rental,"1610 Airport Cir, Hailey, ID 83333, USA",Hailey,ID,83333,43.506466,-114.30055,3.8,12,1,google
b674efde7b4fb92d,budget,Budget,Budget,"524 Airport Loop, Twin Falls, ID 83301, USA",Twin Falls,ID,83301,42.483353,-114.48472,2.9,21,1,google
49d90d05dfb81e0c,budget,Budget,Budget Car Rental,"406 Burrell Ave, Lewiston, ID 83501, USA",Lewiston,ID,83501,46.3771561,-117.0112583,3.6,40,1,google
63868160bafd0181,budget,Budget,Budget Car Rental,"3625 Airport Rd, Pullman, WA 99163, USA",Pullman,WA,99163,46.7415841,-117.1217345,2.9,28,1,google
1b1619e10359add0,budget,Budget,Budget Truck Rental,"2504 W Broadway St, Idaho Falls, ID 83402, USA",Idaho Falls,ID,83402,43.4971062,-112.081404,3,48,1,google
ce08f3aa3262541a,budget,Budget,Avis Car Rental,"2565 W Main St, Boise, ID 83702, USA",Boise,ID,83702,43.6214684,-116.2223804,4.5,104,1,google
201467a1355c4206,budget,Budget,Avis Car Rental,"3201 W Airport Way, Boise, ID 83705, USA",Boise,ID,83705,43.5682544,-116.2221536,4.2,702,1,google
9c0d46316f8e562d,budget,Budget,Avis Car Rental,"1610 Airport Cir, Hailey, ID 83333, USA",Hailey,ID,83333,43.5067528,-114.3008385,4.3,48,1,google
8a0326ce1210b361,budget,Budget,Hertz Car Rental - Boise Air Terminal,"3201 W Airport Way, Boise, ID 83705, USA",Boise,ID,83705,43.5686444,-116.2220736,3.5,242,1,google
c89ae57a7bdf9dbe,budget,Budget,Budget Car Rental,"114 E Ermina Ave, Spokane, WA 99207, USA",Spokane,WA,99207,47.6768076,-117.4087025,3.5,113,1,google
0fa8b6e74299dd14,budget,Budget,Budget Car Rental,"Seasonal: 06MAY26-15OCT26, 721 Airport Rd, West Yellowstone, MT 59758, USA",West Yellowstone,MT,59758,44.6859913,-111.1151084,4,60,1,google
d3764409a4330c4a,budget,Budget,Budget Car Rental,"1000 Capital Airport Dr, Springfield, IL 62707, USA",Springfield,IL,62707,39.8432814,-89.6669015,3.2,90,1,google
1c18aad9d4dea763,budget,Budget,Budget Car Rental,"7800 Col. H. Weir Cook Memorial Dr, Indianapolis, IN 46241, USA",Indianapolis,IN,46241,39.711267,-86.2987,3.1,1572,1,google
a6df36e1e2150a7a,budget,Budget,Budget Car Rental,"8225 W Washington St, Indianapolis, IN 46231, USA",Indianapolis,IN,46231,39.734799,-86.30652789999999,3.6,156,1,google
a9d6cf77f3fab051,budget,Budget,Budget Car Rental,"6463 E 82nd St, Indianapolis, IN 46250, USA",Indianapolis,IN,46250,39.9044774,-86.055619,3.4,107,1,google
f8d146a225e863d5,budget,Budget,Budget Car Rental,"840 Sagamore Pkwy N, Lafayette, IN 47904, USA",Lafayette,IN,47904,40.42625779999999,-86.85908359999999,3.2,200,1,google
4c53237a06277c40,budget,Budget,Budget Car Rental,"3905 W 96th St, Indianapolis, IN 46268, USA",Indianapolis,IN,46268,39.9256243,-86.2273049,3.4,117,1,google
c3586c63d71eed03,budget,Budget,Budget Car Rental,"33 N Capitol Ave, Indianapolis, IN 46204, USA",Indianapolis,IN,46204,39.7681707,-86.1611073,3.6,89,1,google
96cd73b8805c5c31,budget,Budget,"Budget Car Rental, Indianapolis","4555 N Keystone Ave, Indianapolis, IN 46205, USA",Indianapolis,IN,46205,39.8398301,-86.121464,3.4,85,1,google
ddfe8342c80816be,budget,Budget,Budget Car Rental,"794 U.S. Hwy 31 N, Greenwood, IN 46142, USA",Greenwood,IN,46142,39.62775,-86.12195439999999,3.3,69,1,google
c141b28d056c9823,budget,Budget,Budget Car Rental,"912 S Walnut St, Bloomington, IN 47401, USA",Bloomington,IN,47401,39.1562755,-86.53403130000001,2.9,368,1,google
f4d33b0e2677b092,budget,Budget,Budget Car Rental,"814 W Coliseum Blvd, Fort Wayne, IN 46808, USA",Fort Wayne,IN,46808,41.1183,-85.15348,3.3,236,1,google
c12a8194e892a4d7,budget,Budget,Budget Car Rental,"1750 81st Ave, Merrillville, IN 46410, USA",Merrillville,IN,46410,41.47242860000001,-87.35755999999999,3.1,195,1,google
e1eabe53422728e3,budget,Budget,Budget Car Rental,"1950 Conner St, Noblesville, IN 46060, USA",Noblesville,IN,46060,40.0465666,-85.9995063,3.3,114,1,google
748d96dbf1357d5b,budget,Budget,Budget Car Rental,"1010 E 53rd St, Anderson, IN 46013, USA",Anderson,IN,46013,40.0621522,-85.6665673,3.9,53,1,google
c41e2e39ba86fff6,budget,Budget,Budget Car Rental,"305 E Lewis and Clark Pkwy, Clarksville, IN 47129, USA",Clarksville,IN,47129,38.3109341,-85.76952810000002,2.1,208,1,google
c2d19cf02af24bae,budget,Budget,Budget Car Rental,"5660 Grape Rd, Mishawaka, IN 46545, USA",Mishawaka,IN,46545,41.7123406,-86.1840165,2.7,133,1,google
e195d9a141ff5279,budget,Budget,Budget Car Rental,"7801 Bussing Dr, Evansville, IN 47725, USA",Evansville,IN,47725,38.0459225,-87.52760760000001,2.3,69,1,google
fb9512b2c433f111,budget,Budget,Budget Car Rental,"3155 E Center St, Warsaw, IN 46582, USA",Warsaw,IN,46582,41.239724,-85.8138026,4.1,53,1,google
3cafb7370a1f8ff2,budget,Budget,Budget Car Rental,"4643 Progress Dr, South Bend, IN 46628, USA",South Bend,IN,46628,41.7007083,-86.313569,2.8,257,1,google
03b01029bac1744b,budget,Budget,Budget Car Rental,"4100 W Ferguson Rd, Fort Wayne, IN 46809, USA",Fort Wayne,IN,46809,40.986874,-85.18692999999999,3.5,241,1,google
c3c8a5293946ec84,budget,Budget,Budget Car Rental,"5500 NW Johnston Dr, Johnston, IA 50131, USA",Johnston,IA,50131,41.6570756,-93.69347909999999,3.7,102,1,google
1a2755e695c6aadf,budget,Budget,Budget Car Rental,"2540 Leland Ave, Des Moines, IA 50321, USA",Des Moines,IA,50321,41.5227994,-93.6532663,3,408,1,google
3e10e36bed0d611d,budget,Budget,Budget Car Rental,"2121 Arthur Collins Pkwy SW, Cedar Rapids, IA 52404, USA",Cedar Rapids,IA,52404,41.8881442,-91.7011275,4,56,1,google
3629513cdbf966b6,budget,Budget,Budget Car Rental,"2790 Livingston Ln, Waterloo, IA 50703, USA",Waterloo,IA,50703,42.5504109,-92.3967141,2.3,78,1,google
6244592e4ed557b6,budget,Budget,Budget Car Rental,"2501 Summer St, Burlington, IA 52601, USA",Burlington,IA,52601,40.7816102,-91.119922,1.7,6,1,google
0d7cacc8e4a9d28a,budget,Budget,Budget Car Rental,"637 S Ankeny Blvd, Ankeny, IA 50023, USA",Ankeny,IA,50023,41.7243769,-93.5995822,4,155,1,google
a9841d0837078f5f,budget,Budget,Budget Car Rental,"2000 James St, Coralville, IA 52241, USA",Coralville,IA,52241,41.6787556,-91.59407639999999,2.2,5,1,google
